Digest_Bits,Hash,Message1_Hex,Message2_Hex
8,6c,365345a4373cb770dd,3332c53a32fb6494297f
10,358,3316b1da677686b277,37e520129d7398e83b
12,ed2,3131377490ed997e18e788,3132398f8cd2de5cfd30ee
14,2131,3230ea4ae5efdb7b70a9,313432f751d1d4a20d4256
16,4b90,323536a88fa3c5d81831f1,3439365ae7f8d2c4ea69fc
18,38522,323837e79a00c3ca053806,363433596f242c3426e851
20,88df5,3834307d9d9f5ac0013ed1,38363710d2d8d87e0fd8fc
22,1d0f02,3132383713ba38b541fd0666,333831304eb09de73a7daf1d
24,2bf92f,32303533410420b3ab8270a7,39303830553e822fa343bab9
26,3d3b9cd,3139323831b02591f914b028f2,323038343993b57ab1246c5c4a
28,19896be,3130303637a2182a7b93822cac,31353332341d131974572f4fc6
30,3811f857,3330363430c269a76d20ab1902,3335303732f78cc01dcdf2f8fe
32,8ae6dbf6,3931313833e425c376faba6b7d,3939373539b58475084b399a8d
34,2b0589b81,38343436366947d5ffd8d68cf2,323038343930315c663ecdff0f5f
36,1978ac333,313432303632452f05cb20aa4647,34303836383870e2e91f7b4649fd
38,0ab619134c,313532343434d192d30ebf173d92,333939373435564a6ec4f50bb49e
40,9328b8c7b3,36363835313634420782f7a73e9e,39373737393946202a3191866a4b
42,388070cf504,32343431353537c1e4b5e803776387,343938343135396bfdbf7d70011ab8
44,4753e00f968,3534313638383e69c47d019448ab,3833393137353261941902aaa5c6fb
46,0dccd8d3b649,3135383232343432b45d5bf16cb440b5,31353833353432330c8bbfb7b9c2a47e
48,928f03fdfd5a,3237343132333936272bebc70a50922d,32373432383931347044b357cfa51ca5
50,3191acec30684,39383135313430330aaa71d6279d65,3335303132383135da10d276ad34ea10
